{"cameraMode":{"drawMode":0,"name":"Shaded","section":"Shading Mode"},"sceneLighting":false,"audioPlay":false,"sceneViewState":{"m_AlwaysRefresh":false,"showFog":true,"showSkybox":false,"showFlares":true,"showImageEffects":true,"showParticleSystems":true,"showVisualEffectGraphs":true,"m_FxEnabled":true},"in2DMode":false,"pivot":{"x":3.036698818206787,"y":4.3336310386657719,"z":59.48673629760742},"rotation":{"x":0.15526758134365083,"y":-0.03673936799168587,"z":0.005817621946334839,"w":0.9872279763221741},"size":11.180339813232422,"orthographic":false}