{"cameraMode":{"drawMode":0,"name":"Shaded","section":"Shading Mode"},"sceneLighting":false,"audioPlay":false,"sceneViewState":{"m_AlwaysRefresh":false,"showFog":true,"showSkybox":false,"showFlares":true,"showImageEffects":true,"showParticleSystems":true,"showVisualEffectGraphs":true,"m_FxEnabled":true},"in2DMode":false,"pivot":{"x":-48.74798583984375,"y":-38.896915435791019,"z":59.66511917114258},"rotation":{"x":-0.11255402117967606,"y":-0.16528989374637605,"z":0.018628066405653955,"w":-0.9798518419265747},"size":0.8660253882408142,"orthographic":false}